Aayush Ghising,aayush@iimscollege.edu.np,1/6/1998,Male,Nepali,aayush@123
"Sachin Lama","sachin123@iimscollege.edu.np","2003-10-12","Male","Nepali","sachin123"
"Lija Maharjan","lija123@iimscollege.edu.com","1968-11-06","Female","Nepali","lija@123"
"Aayush Ghising","aayush2211031@iimscollege.edu.np","2003-02-07","Male","Nepali","aayush@123"
"Shaili Maharjan","shaili@iimscollege.edu.np","1969-11-14","Female","Nepali","shaili@123"
"Monkey.D.Luffy","luffy@iimscollege.edu.np","2004-05-05","Male","Neplai","luffy@123"
"Tina Lama","tina@iimscollege.edu.np","2003-01-12","Female","Nepali","tina@123"
"Lija Maharjan","lija@gmail.com","2003-05-10","Female","Nepali","lija@123"
"subit Timilsina","subit@gmail.com","2023-11-02","Male","German","subit@123"
"aryan jha","aryan@gmail.com","2023-10-29","Male","Nepali","aryan@123"
